Neuron ID,Neuron Label
0,i1l
1,i1r
2,i2l
3,i2r
4,i3
5,i4
6,i5
7,i6
8,m1
9,m2l
10,m2r
11,m3l
12,m3r
13,m4
14,m5
15,mcl
16,mcr
17,mi
18,nsml
19,nsmr
20,pm1
21,pm2d
22,pm2vl
23,pm2vr
24,pm3d
25,pm3vl
26,pm3vr
27,pm4d
28,pm4vl
29,pm4vr
30,pm5d
31,pm5vl
32,pm5vr
33,pm6d
34,pm6vl
35,pm6vr
36,pm7d
37,pm7vl
38,pm7vr
39,pm8
40,mc1dl
41,mc1dr
42,mc1v
43,mc2dl
44,mc2dr
45,mc2v
46,mc3dl
47,mc3dr
48,mc3v
49,e2d
50,e2vl
51,e2vr
52,e3d
53,e3vl
54,e3vr
55,g1al
56,g1ar
57,asil
58,asir
59,asjl
60,asjr
61,awal
62,awar
63,asgl
64,asgr
65,awbl
66,awbr
67,asel
68,aser
69,adfl
70,adfr
71,afdl
72,afdr
73,awcl
74,awcr
75,askl
76,askr
77,ashl
78,ashr
79,adll
80,adlr
81,bagl
82,bagr
83,urxl
84,urxr
85,alnl
86,alnr
87,plnl
88,plnr
89,sdql
90,sdqr
91,aqr
92,pqr
93,alml
94,almr
95,avm
96,pvm
97,plml
98,plmr
99,flpl
100,flpr
101,dva
102,pvdl
103,pvdr
104,adel
105,ader
106,pdel
107,pder
108,phal
109,phar
110,phbl
111,phbr
112,phcl
113,phcr
114,il2dl
115,il2dr
116,il2l
117,il2r
118,il2vl
119,il2vr
120,cepdl
121,cepdr
122,cepvl
123,cepvr
124,urydl
125,urydr
126,uryvl
127,uryvr
128,olll
129,ollr
130,olqdl
131,olqdr
132,olqvl
133,olqvr
134,il1dl
135,il1dr
136,il1l
137,il1r
138,il1vl
139,il1vr
140,ainl
141,ainr
142,aiml
143,aimr
144,rih
145,urbl
146,urbr
147,rir
148,aiyl
149,aiyr
150,aial
151,aiar
152,aual
153,auar
154,aizl
155,aizr
156,ris
157,ala
158,pvql
159,pvqr
160,adal
161,adar
162,rifl
163,rifr
164,bdul
165,bdur
166,pvr
167,avfl
168,avfr
169,avhl
170,avhr
171,pvpl
172,pvpr
173,lual
174,luar
175,pvnl
176,pvnr
177,avg
178,dvb
179,ribl
180,ribr
181,rigl
182,rigr
183,rmgl
184,rmgr
185,aibl
186,aibr
187,ricl
188,ricr
189,saadl
190,saadr
191,saavl
192,saavr
193,avkl
194,avkr
195,dvc
196,avjl
197,avjr
198,pvt
199,avdl
200,avdr
201,avl
202,pvwl
203,pvwr
204,rial
205,riar
206,riml
207,rimr
208,avel
209,aver
210,rmfl
211,rmfr
212,rid
213,avbl
214,avbr
215,aval
216,avar
217,pvcl
218,pvcr
219,ripl
220,ripr
221,uradl
222,uradr
223,uravl
224,uravr
225,rmel
226,rmer
227,rmed
228,rmev
229,rmddl
230,rmddr
231,rmdl
232,rmdr
233,rmdvl
234,rmdvr
235,rivl
236,rivr
237,rmhl
238,rmhr
239,sabd
240,sabvl
241,sabvr
242,smddl
243,smddr
244,smdvl
245,smdvr
246,smbdl
247,smbdr
248,smbvl
249,smbvr
250,sibdl
251,sibdr
252,sibvl
253,sibvr
254,siadl
255,siadr
256,siavl
257,siavr
258,da01
259,da02
260,da03
261,da04
262,da05
263,da06
264,da07
265,da08
266,da09
267,pda
268,db01
269,db02
270,db03
271,db04
272,db05
273,db06
274,db07
275,as01
276,as02
277,as03
278,as04
279,as05
280,as06
281,as07
282,as08
283,as09
284,as10
285,as11
286,pdb
287,dd01
288,dd02
289,dd03
290,dd04
291,dd05
292,dd06
293,va01
294,va02
295,va03
296,va04
297,va05
298,va06
299,va07
300,va08
301,va09
302,va10
303,va11
304,va12
305,vb01
306,vb02
307,vb03
308,vb04
309,vb05
310,vb06
311,vb07
312,vb08
313,vb09
314,vb10
315,vb11
316,vd01
317,vd02
318,vd03
319,vd04
320,vd05
321,vd06
322,vd07
323,vd08
324,vd09
325,vd10
326,vd11
327,vd12
328,vd13
329,dbwml1
330,dbwml2
331,dbwml3
332,dbwml4
333,dbwml5
334,dbwml6
335,dbwml7
336,dbwmr1
337,dbwmr2
338,dbwmr3
339,dbwmr4
340,dbwmr5
341,dbwmr6
342,dbwmr7
343,vbwml1
344,vbwml2
345,vbwml3
346,vbwml4
347,vbwml5
348,vbwml6
349,vbwml7
350,vbwmr1
351,vbwmr2
352,vbwmr3
353,vbwmr4
354,vbwmr5
355,vbwmr6
356,vbwmr7
357,dbwml8
358,dbwml9
359,dbwml10
360,dbwml11
361,dbwml12
362,dbwml13
363,dbwml14
364,dbwml15
365,dbwml16
366,dbwml17
367,dbwml18
368,dbwml19
369,dbwml20
370,dbwml21
371,dbwml22
372,dbwml23
373,dbwml24
374,dbwmr8
375,dbwmr9
376,dbwmr10
377,dbwmr11
378,dbwmr12
379,dbwmr13
380,dbwmr14
381,dbwmr15
382,dbwmr16
383,dbwmr17
384,dbwmr18
385,dbwmr19
386,dbwmr20
387,dbwmr21
388,dbwmr22
389,dbwmr23
390,dbwmr24
391,vbwml8
392,vbwml9
393,vbwml10
394,vbwml11
395,vbwml12
396,vbwml13
397,vbwml14
398,vbwml15
399,vbwml16
400,vbwml17
401,vbwml18
402,vbwml19
403,vbwml20
404,vbwml21
405,vbwml22
406,vbwml23
407,vbwmr8
408,vbwmr9
409,vbwmr10
410,vbwmr11
411,vbwmr12
412,vbwmr13
413,vbwmr14
414,vbwmr15
415,vbwmr16
416,vbwmr17
417,vbwmr18
418,vbwmr19
419,vbwmr20
420,vbwmr21
421,vbwmr22
422,vbwmr23
423,vbwmr24
424,cepshdl
425,cepshdr
426,cepshvl
427,cepshvr
428,glrdl
429,glrdr
430,glrl
431,glrr
432,glrvl
433,glrvr
434,canl
435,canr
436,exc_cell
437,exc_gl
438,hmc
439,hyp
440,int
441,mu_intl
442,mu_intr
443,mu_anal
444,mu_sph
445,hsnl
446,hsnr
447,vc01
448,vc02
449,vc03
450,vc04
451,vc05
452,vc06
453,um2al
454,um2ar
455,um1al
456,um1ar
457,um1pl
458,um1pr
459,um2pl
460,um2pr
461,vm2al
462,vm2ar
463,vm1al
464,vm1ar
465,vm1pl
466,vm1pr
467,vm2pl
468,vm2pr
469,g1p
470,g2l
471,g2r
472,bm
